date,open,close,high,low,volume,amount,pct_chg,turnover
2024-07-01,10.53,11.01,11.06,10.52,53291.62,,,
2024-07-02,10.98,10.88,11.09,10.82,25798.0,,-1.18,
2024-07-03,10.88,10.87,10.98,10.83,22208.0,,-0.09,
2024-07-04,10.89,10.7,10.89,10.63,27644.0,,-1.56,
2024-07-05,10.68,11.04,11.04,10.64,32022.0,,3.18,
2024-07-08,11.17,10.69,11.17,10.63,44583.83,,-3.17,
2024-07-09,10.62,10.79,10.83,10.48,44152.97,,0.94,
2024-07-10,10.79,10.67,10.87,10.65,24416.97,,-1.11,
2024-07-11,10.8,11.03,11.04,10.76,31773.0,,3.37,
2024-07-12,10.9,10.87,11.13,10.82,23949.0,,-1.45,
2024-07-15,10.99,10.75,10.99,10.65,27325.03,,-1.1,
2024-07-16,10.7,10.65,10.94,10.58,32063.41,,-0.93,
2024-07-17,10.73,10.78,10.84,10.56,24315.0,,1.22,
2024-07-18,10.73,10.84,10.92,10.58,27203.0,,0.56,
2024-07-19,10.83,10.86,10.99,10.76,23875.57,,0.18,
2024-07-22,10.9,10.95,11.02,10.72,28418.0,,0.83,
2024-07-23,10.97,10.6,10.97,10.6,26070.27,,-3.2,
2024-07-24,10.61,10.42,10.64,10.38,29296.98,,-1.7,
2024-07-25,10.5,10.48,10.59,10.33,17110.18,,0.58,
2024-07-26,10.58,10.61,10.68,10.48,23023.0,,1.24,
2024-07-29,10.61,10.4,10.63,10.39,24238.0,,-1.98,
2024-07-30,10.42,10.42,10.48,10.3,20579.0,,0.19,
2024-07-31,10.42,11.0,11.0,10.37,45324.38,,5.57,
2024-08-01,11.03,10.97,11.18,10.9,24941.58,,-0.27,
2024-08-02,11.02,11.1,11.3,10.94,32305.0,,1.19,
2024-08-05,11.12,10.95,11.31,10.93,30840.0,,-1.35,
2024-08-06,10.94,11.24,11.24,10.94,28626.98,,2.65,
2024-08-07,11.28,11.2,11.29,11.08,19794.0,,-0.36,
2024-08-08,11.18,11.3,11.44,11.12,34004.37,,0.89,
2024-08-09,11.47,11.12,11.47,11.11,29334.98,,-1.59,
2024-08-12,11.03,11.3,11.42,11.03,34267.98,,1.62,
2024-08-13,11.35,11.32,11.35,11.18,19001.24,,0.18,
2024-08-14,11.25,11.11,11.31,11.0,26155.18,,-1.86,
2024-08-15,11.24,11.13,11.28,11.04,24354.72,,0.18,
2024-08-16,11.06,11.08,11.23,11.01,22422.51,,-0.45,
2024-08-19,11.18,11.07,11.24,11.05,17296.03,,-0.09,
2024-08-20,11.07,10.89,11.15,10.79,24721.76,,-1.63,
2024-08-21,10.94,10.83,10.97,10.8,13916.11,,-0.55,
2024-08-22,10.84,10.78,10.93,10.73,15319.0,,-0.46,
2024-08-23,10.94,10.74,10.94,10.63,17236.0,,-0.37,
2024-08-26,10.73,10.78,10.84,10.64,17307.4,,0.37,
2024-08-27,11.0,10.92,11.13,10.87,39622.0,,1.3,
2024-08-28,10.85,10.91,11.05,10.81,26990.0,,-0.09,
2024-08-29,10.84,11.06,11.09,10.8,24659.32,,1.37,
2024-08-30,11.12,11.1,11.29,11.0,31022.77,,0.36,
2024-09-02,11.08,10.86,11.18,10.86,29953.47,,-2.16,
2024-09-03,11.03,10.92,11.11,10.82,23088.81,,0.55,
2024-09-04,10.9,10.72,11.01,10.7,31485.21,,-1.83,
2024-09-05,10.84,10.79,10.88,10.71,30483.53,,0.65,
2024-09-06,10.76,10.51,10.81,10.46,26364.0,,-2.59,
2024-09-09,10.51,10.45,10.57,10.41,23307.97,,-0.57,
2024-09-10,10.46,10.29,10.49,10.13,25561.05,,-1.53,
2024-09-11,10.28,10.3,10.32,10.2,21058.71,,0.1,
2024-09-12,10.3,10.13,10.41,10.13,25919.69,,-1.65,
2024-09-13,10.23,10.05,10.23,10.04,16765.56,,-0.79,
2024-09-18,10.06,9.93,10.08,9.81,21182.81,,-1.19,
2024-09-19,9.99,10.17,10.25,9.93,29728.59,,2.42,
2024-09-20,10.12,10.02,10.22,9.97,24058.0,,-1.47,
2024-09-23,10.03,9.91,10.12,9.9,23538.0,,-1.1,
2024-09-24,9.97,10.24,10.26,9.9,50047.22,,3.33,
2024-09-25,10.31,10.42,10.66,10.29,51107.47,,1.76,
2024-09-26,10.35,10.82,10.85,10.34,50960.31,,3.84,
2024-09-27,10.96,11.26,11.33,10.9,40904.31,,4.07,
2024-09-30,11.68,12.39,12.39,11.68,115828.08,,10.04,
2024-10-08,13.63,13.1,13.63,12.5,125951.97,,5.73,
2024-10-09,12.87,11.84,12.87,11.84,143362.94,,-9.62,
2024-10-10,11.92,11.85,12.39,11.81,85131.0,,0.08,
2024-10-11,11.9,11.43,12.0,11.34,58324.94,,-3.54,
2024-10-14,11.46,11.68,11.75,11.28,54879.61,,2.19,
2024-10-15,11.68,11.38,11.75,11.38,47671.21,,-2.57,
2024-10-16,11.35,11.42,11.6,11.31,35045.43,,0.35,
2024-10-17,11.49,11.18,11.55,11.16,43057.0,,-2.1,
2024-10-18,11.18,11.52,11.74,11.12,66302.13,,3.04,
2024-10-21,11.52,11.72,11.97,11.31,85992.43,,1.74,
2024-10-22,11.69,11.9,11.97,11.6,59632.0,,1.54,
2024-10-23,11.9,11.87,11.97,11.79,52157.0,,-0.25,
2024-10-24,11.8,11.83,11.98,11.77,37693.0,,-0.34,
2024-10-25,11.8,11.98,12.0,11.8,38164.0,,1.27,
2024-10-28,12.05,12.15,12.16,11.98,59298.4,,1.42,
2024-10-29,12.15,11.56,12.25,11.5,96918.18,,-4.86,
2024-10-30,11.35,11.35,11.54,11.2,82179.62,,-1.82,
2024-10-31,11.34,11.36,11.42,11.17,69238.44,,0.09,
2024-11-01,11.4,11.4,11.53,11.18,80442.0,,0.35,
2024-11-04,11.48,11.62,11.66,11.45,73290.98,,1.93,
2024-11-05,11.64,11.78,11.84,11.54,73781.01,,1.38,
2024-11-06,11.8,11.72,11.92,11.65,82739.0,,-0.51,
2024-11-07,11.67,12.13,12.14,11.64,96439.54,,3.5,
2024-11-08,12.19,12.12,12.36,11.97,156889.97,,-0.08,
2024-11-11,12.09,12.14,12.18,11.88,114536.06,,0.17,
2024-11-12,12.18,12.14,12.4,12.03,124716.27,,0.0,
2024-11-13,12.06,12.14,12.23,11.87,95459.0,,0.0,
2024-11-14,12.07,11.87,12.15,11.82,75248.85,,-2.22,
2024-11-15,11.81,11.75,12.04,11.71,53862.37,,-1.01,
2024-11-18,11.73,11.68,11.97,11.6,59830.0,,-0.6,
2024-11-19,11.67,11.87,11.87,11.65,36736.09,,1.63,
2024-11-20,11.92,12.03,12.07,11.68,64789.28,,1.35,
2024-11-21,11.99,11.92,12.05,11.81,55922.89,,-0.91,
2024-11-22,11.92,11.36,11.94,11.36,71322.0,,-4.7,
2024-11-25,11.37,11.59,11.62,11.34,49537.72,,2.02,
2024-11-26,11.57,11.62,11.84,11.52,53168.0,,0.26,
2024-11-27,11.55,11.93,11.99,11.37,70840.78,,2.67,
2024-11-28,11.95,11.9,12.18,11.84,86351.33,,-0.25,
2024-11-29,11.89,12.12,12.26,11.85,84224.15,,1.85,
2024-12-02,12.12,12.14,12.21,12.0,83330.83,,0.17,
2024-12-03,12.12,12.21,12.33,12.04,80196.64,,0.58,
2024-12-04,12.2,11.85,12.2,11.79,70303.83,,-2.95,
2024-12-05,11.84,11.86,11.95,11.68,60756.0,,0.08,
2024-12-06,11.87,11.99,12.09,11.81,75647.0,,1.1,
2024-12-09,11.99,11.87,12.11,11.85,65198.0,,-1.0,
2024-12-10,12.1,11.91,12.15,11.87,106728.0,,0.34,
2024-12-11,11.88,12.0,12.14,11.86,82961.0,,0.76,
2024-12-12,12.01,12.18,12.23,11.92,102030.1,,1.5,
2024-12-13,12.15,11.96,12.22,11.95,138167.0,,-1.81,
2024-12-16,11.96,11.95,12.13,11.88,82904.18,,-0.08,
2024-12-17,12.05,11.74,12.05,11.68,91833.23,,-1.76,
2024-12-18,11.69,11.77,11.88,11.69,40270.0,,0.26,
2024-12-19,11.7,12.24,12.68,11.52,183802.85,,3.99,
2024-12-20,12.24,12.03,12.35,11.98,115478.0,,-1.72,
2024-12-23,12.07,11.81,12.17,11.69,113216.0,,-1.83,
2024-12-24,11.86,12.1,12.16,11.81,104464.81,,2.46,
2024-12-25,12.25,11.97,12.28,11.87,92961.48,,-1.07,
2024-12-26,11.96,12.06,12.08,11.8,80839.0,,0.75,
2024-12-27,12.02,12.09,12.23,11.95,121241.23,,0.25,
2024-12-30,12.09,12.08,12.14,11.93,71731.0,,-0.08,
2024-12-31,12.08,11.6,12.08,11.57,114494.43,,-3.97,
2025-01-02,11.63,11.47,11.81,11.36,87077.45,,-1.12,
2025-01-03,11.48,11.39,11.64,11.33,63321.0,,-0.7,
2025-01-06,11.45,11.67,11.69,11.41,73093.76,,2.46,
2025-01-07,11.67,11.25,11.67,11.12,78031.2,,-3.6,
2025-01-08,11.25,11.09,11.33,10.9,59103.0,,-1.42,
2025-01-09,11.09,10.98,11.12,10.92,37348.0,,-0.99,
2025-01-10,10.98,10.66,11.03,10.65,47688.96,,-2.91,
2025-01-13,10.51,10.7,10.75,10.5,34826.0,,0.38,
2025-01-14,10.72,11.05,11.08,10.66,56430.72,,3.27,
2025-01-15,11.05,11.01,11.09,10.92,38571.0,,-0.36,
2025-01-16,10.96,11.1,11.19,10.93,53673.21,,0.82,
2025-01-17,11.05,11.09,11.13,11.01,41607.76,,-0.09,
2025-01-20,11.09,11.16,11.35,11.09,50220.97,,0.63,
2025-01-21,11.18,11.25,11.36,11.0,56044.0,,0.81,
2025-01-22,11.2,10.92,11.35,10.88,56717.76,,-2.93,
2025-01-23,10.98,10.86,11.14,10.85,45070.31,,-0.55,
2025-01-24,10.78,10.91,10.95,10.78,35321.0,,0.46,
2025-01-27,10.93,10.95,11.06,10.91,27665.0,,0.37,
2025-02-05,11.0,11.0,11.08,10.92,31179.0,,0.46,
2025-02-06,11.0,11.12,11.12,10.94,34161.0,,1.09,
2025-02-07,11.14,11.14,11.28,11.07,51709.0,,0.18,
2025-02-10,11.18,11.18,11.26,11.12,50600.79,,0.36,
2025-02-11,11.21,11.04,11.22,10.98,44655.0,,-1.25,
2025-02-12,11.05,11.03,11.09,10.95,36680.4,,-0.09,
2025-02-13,11.04,10.96,11.07,10.93,39857.79,,-0.63,
2025-02-14,10.94,11.12,11.12,10.94,47780.0,,1.46,
2025-02-17,11.19,10.96,11.21,10.93,72953.0,,-1.44,
2025-02-18,10.96,10.75,10.97,10.71,55276.0,,-1.92,
2025-02-19,10.76,10.81,10.86,10.72,38965.0,,0.56,
2025-02-20,10.81,10.89,10.95,10.77,40839.11,,0.74,
2025-02-21,10.88,10.93,10.96,10.77,42595.14,,0.37,
2025-02-24,10.91,10.9,10.95,10.85,36857.51,,-0.27,
2025-02-25,10.85,10.78,10.87,10.74,32591.0,,-1.1,
2025-02-26,10.81,10.91,10.92,10.76,44604.0,,1.21,
2025-02-27,10.91,11.01,11.05,10.88,50710.27,,0.92,
2025-02-28,10.99,10.84,11.04,10.79,41359.0,,-1.54,
2025-03-03,10.84,10.87,10.98,10.82,30967.4,,0.28,
2025-03-04,10.85,10.95,11.05,10.83,33268.07,,0.74,
2025-03-05,10.98,10.88,10.98,10.8,30759.0,,-0.64,
2025-03-06,10.95,10.94,10.96,10.85,38890.46,,0.55,
2025-03-07,10.88,10.91,10.98,10.86,26978.28,,-0.27,
2025-03-10,10.95,11.02,11.05,10.92,41927.0,,1.01,
2025-03-11,10.98,11.06,11.2,10.88,62221.0,,0.36,
2025-03-12,11.04,11.02,11.09,10.96,51670.0,,-0.36,
2025-03-13,11.0,10.97,11.03,10.88,32665.0,,-0.45,
2025-03-14,10.95,11.15,11.15,10.93,53546.0,,1.64,
2025-03-17,11.15,11.11,11.19,11.1,41998.0,,-0.36,
2025-03-18,11.12,11.19,11.25,11.09,81521.29,,0.72,
2025-03-19,11.19,11.15,11.22,11.1,52789.0,,-0.36,
2025-03-20,11.15,11.14,11.16,11.07,34624.45,,-0.09,
2025-03-21,11.55,11.18,11.56,11.14,115594.29,,0.36,
2025-03-24,11.09,11.21,11.35,11.05,81535.0,,0.27,
2025-03-25,11.22,11.23,11.27,11.09,42013.0,,0.18,
2025-03-26,11.16,11.17,11.25,11.12,44977.0,,-0.53,
2025-03-27,11.12,11.25,11.25,11.03,49544.0,,0.72,
2025-03-28,11.27,11.14,11.34,11.13,48708.97,,-0.98,
2025-03-31,11.08,10.92,11.15,10.89,56482.0,,-1.97,
2025-04-01,10.95,11.31,11.33,10.91,107073.97,,3.57,
2025-04-02,11.35,11.23,11.4,11.2,44521.51,,-0.71,
2025-04-03,11.2,11.29,11.34,11.18,39127.88,,0.53,
2025-04-07,11.05,10.16,11.05,10.16,112946.0,,-10.01,
2025-04-08,10.16,10.35,10.5,10.16,72703.21,,1.87,
2025-04-09,10.22,10.36,10.39,9.9,65524.0,,0.1,
2025-04-10,10.45,10.55,10.57,10.41,64678.0,,1.83,
2025-04-11,10.43,10.52,10.56,10.42,35158.0,,-0.28,
2025-04-14,10.55,10.62,10.69,10.52,55326.23,,0.95,
2025-04-15,10.57,10.6,10.68,10.53,31782.88,,-0.19,
2025-04-16,10.57,10.47,10.57,10.33,36646.85,,-1.23,
2025-04-17,10.36,10.51,10.55,10.36,26370.64,,0.38,
2025-04-18,10.51,10.68,10.68,10.4,44369.64,,1.62,
2025-04-21,10.62,10.68,10.69,10.54,38208.64,,0.0,
2025-04-22,10.68,10.91,11.03,10.61,81874.0,,2.15,
2025-04-23,10.91,10.8,11.0,10.8,37342.83,,-1.01,
2025-04-24,10.79,10.89,10.96,10.74,45556.0,,0.83,
2025-04-25,10.87,10.73,10.92,10.71,30909.99,,-1.47,
2025-04-28,10.75,10.61,10.75,10.55,26581.0,,-1.12,
2025-04-29,10.58,10.55,10.67,10.55,21305.67,,-0.57,
2025-04-30,10.33,10.72,10.73,10.26,65327.0,,1.61,
2025-05-06,10.72,11.01,11.04,10.66,67201.83,,2.71,
2025-05-07,11.12,10.9,11.12,10.83,36936.0,,-1.0,
2025-05-08,10.85,10.98,11.12,10.85,45077.0,,0.73,
2025-05-09,11.01,11.22,11.27,10.95,64392.78,,2.19,
2025-05-12,11.25,11.17,11.25,11.04,43528.78,,-0.45,
2025-05-13,11.23,11.2,11.23,11.09,29678.0,,0.27,
2025-05-14,11.15,11.2,11.26,11.05,38181.71,,0.0,
2025-05-15,11.24,11.2,11.29,11.11,41208.33,,0.0,
2025-05-16,11.2,11.28,11.45,11.18,52150.0,,0.71,
2025-05-19,11.28,11.34,11.36,11.22,38620.56,,0.53,
2025-05-20,11.37,11.49,11.52,11.33,57628.01,,1.32,
2025-05-21,11.45,11.39,11.5,11.3,54045.56,,-0.87,
2025-05-22,11.39,11.41,11.47,11.23,42622.0,,0.18,
2025-05-23,11.41,11.27,11.48,11.24,32608.0,,-1.23,
2025-05-26,11.25,11.19,11.33,11.16,27483.02,,-0.71,
2025-05-27,11.23,11.22,11.35,11.17,33957.0,,0.27,
2025-05-28,11.2,11.31,11.35,11.17,33629.0,,0.8,
2025-05-29,11.5,11.39,11.5,11.27,59023.05,,0.71,
2025-05-30,11.36,11.49,11.51,11.3,48736.8,,0.88,
2025-06-03,11.3,11.53,11.63,11.3,61847.5,,0.35,
2025-06-04,11.53,11.5,11.57,11.39,50843.8,,-0.26,
2025-06-05,11.5,11.43,11.63,11.38,48430.07,,-0.61,
2025-06-06,11.45,11.25,11.5,11.2,49058.0,,-1.57,
2025-06-09,11.29,11.57,11.59,11.26,71883.02,,2.84,
2025-06-10,11.56,11.47,11.62,11.4,43803.0,,-0.86,
2025-06-11,11.47,11.41,11.64,11.39,38683.0,,-0.52,
2025-06-12,11.38,11.9,12.2,11.38,192314.31,,4.29,
2025-06-13,11.95,11.79,12.35,11.72,152915.66,,-0.92,
2025-06-16,11.78,11.46,11.83,11.44,88639.0,,-2.8,
2025-06-17,11.52,11.46,11.65,11.33,67535.95,,0.0,
2025-06-18,11.42,11.22,11.43,11.14,59179.73,,-2.09,
2025-06-19,11.22,11.08,11.26,11.05,50909.0,,-1.25,
2025-06-20,11.08,11.24,11.34,11.07,44167.58,,1.44,
2025-06-23,11.25,11.28,11.41,11.21,37795.0,,0.36,
2025-06-24,11.62,11.76,12.2,11.6,134162.32,,4.26,
2025-06-25,11.85,11.96,12.17,11.65,114323.2,,1.7,
2025-06-26,11.93,11.93,12.07,11.83,57961.01,,-0.25,
2025-06-27,11.9,11.87,12.1,11.8,78473.02,,-0.5,
2025-06-30,11.99,11.75,12.03,11.59,88866.84,,-1.01,
2025-07-01,11.74,11.79,11.83,11.6,61787.0,,0.34,
2025-07-02,11.71,11.78,11.84,11.66,49724.64,,-0.08,
2025-07-03,11.77,12.42,12.7,11.74,244225.96,,5.43,
2025-07-04,12.4,11.93,12.42,11.81,141929.04,,-3.95,
2025-07-07,11.9,11.75,11.99,11.62,92740.0,,-1.51,
2025-07-08,11.69,11.81,11.87,11.68,70168.34,,0.51,
2025-07-09,11.78,11.78,11.88,11.75,47393.0,,-0.25,
2025-07-10,11.84,11.72,11.85,11.67,56730.0,,-0.51,
2025-07-11,11.72,11.71,11.88,11.67,80578.0,,-0.09,
2025-07-14,11.67,11.73,11.82,11.66,50201.0,,0.17,
2025-07-15,11.5,11.16,11.5,10.92,143613.42,,-4.86,
2025-07-16,11.16,11.13,11.2,11.04,46952.51,,-0.27,
2025-07-17,11.11,11.3,11.34,11.11,60778.0,,1.53,
2025-07-18,11.29,11.28,11.34,11.15,49167.0,,-0.18,
2025-07-21,11.3,11.29,11.35,11.19,38190.0,,0.09,
2025-07-22,11.3,11.28,11.34,11.19,46795.24,,-0.09,
2025-07-23,11.28,11.27,11.37,11.23,44271.0,,-0.09,
2025-07-24,11.33,11.99,12.4,11.33,403252.79,,6.39,
2025-07-25,12.39,12.46,12.89,12.35,452301.32,,3.92,
2025-07-28,12.46,12.68,12.84,12.22,287146.32,,1.77,
2025-07-29,12.74,12.4,12.8,12.29,182664.39,,-2.21,
2025-07-30,12.35,12.51,13.11,12.23,267920.0,,0.89,
2025-07-31,12.48,13.02,13.43,12.48,335659.27,,4.08,
2025-08-01,13.4,13.15,13.46,12.98,387500.09,,1.0,
2025-08-04,13.18,12.82,13.19,12.57,197802.57,,-2.51,
2025-08-05,12.75,12.6,12.85,12.54,118173.0,,-1.72,
2025-08-06,12.59,12.92,13.48,12.58,328409.53,,2.54,
2025-08-07,12.88,12.41,12.88,12.38,180025.0,,-3.95,
2025-08-08,12.32,12.35,12.93,12.32,138327.0,,-0.48,
2025-08-11,12.39,12.97,13.03,12.36,196444.53,,5.02,
2025-08-12,12.81,12.81,13.25,12.57,132539.53,,-1.23,
2025-08-13,12.79,12.65,12.79,12.55,115391.1,,-1.25,
2025-08-14,12.61,12.28,12.77,12.27,127040.67,,-2.92,
2025-08-15,12.3,12.5,12.61,12.25,95181.78,,1.79,
2025-08-18,12.49,12.52,12.7,12.38,102580.0,,0.16,
2025-08-19,12.6,12.44,12.79,12.4,113810.0,,-0.64,
2025-08-20,12.04,12.73,12.98,12.01,242835.0,,2.33,
2025-08-21,12.73,12.67,12.77,12.55,102876.0,,-0.47,
2025-08-22,12.62,12.63,12.7,12.34,124300.27,,-0.32,
2025-08-25,12.63,12.69,12.82,12.57,92515.81,,0.48,
2025-08-26,12.7,12.67,12.96,12.61,92896.0,,-0.16,
2025-08-27,12.67,12.35,13.07,12.29,155494.6,,-2.53,
2025-08-28,12.29,12.03,12.34,11.74,144618.9,,-2.59,
2025-08-29,12.02,12.12,12.27,11.99,63608.6,,0.75,
2025-09-01,12.11,12.13,12.28,12.05,71128.22,,0.08,
2025-09-02,12.14,11.64,12.17,11.6,118499.53,,-4.04,
2025-09-03,11.7,11.65,11.83,11.45,83884.51,,0.09,
2025-09-04,11.7,11.69,11.91,11.51,65049.25,,0.34,
2025-09-05,11.76,11.84,11.85,11.57,67137.17,,1.28,
2025-09-08,11.82,11.85,11.91,11.59,63038.0,,0.08,
2025-09-09,11.8,11.66,11.94,11.66,47622.0,,-1.6,
2025-09-10,11.7,11.66,11.79,11.58,36016.0,,0.0,
2025-09-11,11.74,12.08,12.2,11.46,99226.7,,3.6,
2025-09-12,12.13,12.21,12.41,11.99,122702.0,,1.08,
2025-09-15,12.22,12.3,12.38,11.89,101361.3,,0.74,
2025-09-16,12.29,12.35,12.4,12.11,68652.5,,0.41,
2025-09-17,12.35,12.15,12.42,12.09,84680.11,,-1.62,
2025-09-18,12.15,11.71,12.19,11.62,89657.31,,-3.62,
2025-09-19,11.72,11.61,11.78,11.5,74288.18,,-0.85,
2025-09-22,11.57,11.51,11.7,11.27,65108.0,,-0.86,
2025-09-23,11.52,11.05,11.52,10.87,99327.3,,-4.0,
2025-09-24,11.0,11.2,11.35,10.92,63724.8,,1.36,
2025-09-25,11.18,11.15,11.32,10.94,86199.0,,-0.45,
2025-09-26,11.14,11.16,11.3,11.03,55879.18,,0.09,
2025-09-29,11.18,11.22,11.28,10.96,61330.43,,0.54,
2025-09-30,11.14,11.1,11.22,11.09,51077.0,,-1.07,
2025-10-09,11.2,11.6,11.8,11.13,135101.68,,4.5,
2025-10-10,11.6,12.05,12.3,11.59,226606.6,,3.88,
2025-10-13,11.85,11.86,12.06,11.79,104675.0,,-1.58,
2025-10-14,11.95,11.9,12.25,11.82,132697.0,,0.34,
2025-10-15,11.95,12.08,12.12,11.82,121967.65,,1.51,
2025-10-16,12.11,12.04,12.14,11.89,113392.44,,-0.33,
2025-10-17,12.03,11.77,12.13,11.71,119607.0,,-2.24,
2025-10-20,11.77,11.71,11.92,11.63,92597.0,,-0.51,
2025-10-21,11.73,11.72,11.85,11.7,53668.0,,0.09,
2025-10-22,11.76,11.84,11.94,11.71,79660.0,,1.02,
2025-10-23,11.8,11.81,11.89,11.66,53694.92,,-0.25,
2025-10-24,11.86,11.87,11.94,11.72,69692.0,,0.51,
2025-10-27,11.8,11.13,11.88,11.08,215642.0,,-6.23,
2025-10-28,11.12,11.54,11.95,11.08,263021.43,,3.68,
2025-10-29,11.51,11.25,11.56,10.98,151196.72,,-2.51,
2025-10-30,11.25,11.24,11.38,11.17,100937.78,,-0.09,
2025-10-31,11.23,11.3,11.44,11.23,76388.35,,0.53,
2025-11-03,11.28,11.69,11.93,11.28,155198.81,,3.45,
2025-11-04,11.5,11.5,11.67,11.41,89624.79,,-1.63,
2025-11-05,11.46,11.46,11.57,11.39,46368.0,,-0.35,
2025-11-06,11.5,11.45,11.5,11.37,46360.22,,-0.09,
2025-11-07,11.51,11.53,11.62,11.41,77144.73,,0.7,
2025-11-10,11.53,11.61,11.67,11.46,62595.51,,0.69,
2025-11-11,11.65,11.6,11.7,11.53,48963.98,,-0.09,
2025-11-12,11.63,11.7,11.9,11.58,116536.79,,0.86,
2025-11-13,11.71,11.59,11.71,11.54,98182.01,,-0.94,
2025-11-14,11.55,11.55,11.73,11.54,89100.82,,-0.35,
2025-11-17,11.6,11.25,11.6,11.17,85696.33,,-2.6,
2025-11-18,11.22,11.08,11.27,11.04,65425.0,,-1.51,
2025-11-19,11.12,10.8,11.12,10.77,75746.0,,-2.53,
2025-11-20,10.82,10.59,10.84,10.5,86158.75,,-1.94,
2025-11-21,10.55,10.15,10.59,10.12,94705.16,,-4.15,
2025-11-24,10.19,10.23,10.28,10.14,51439.89,,0.79,
2025-11-25,10.28,10.28,10.34,10.24,50328.03,,0.49,
2025-11-26,10.23,10.31,10.42,10.23,56187.07,,0.29,
2025-11-27,10.34,10.37,10.39,10.24,42310.82,,0.58,
2025-11-28,10.36,10.42,10.46,10.21,61149.0,,0.48,
2025-12-01,10.42,10.37,10.44,10.31,59721.33,,-0.48,
2025-12-02,10.37,10.26,10.37,10.23,31226.0,,-1.06,
2025-12-03,10.25,10.27,10.33,10.21,33527.75,,0.1,
2025-12-04,10.28,10.06,10.29,9.98,76467.94,,-2.04,
2025-12-05,10.06,10.2,10.23,9.98,52558.84,,1.39,
2025-12-08,10.24,10.21,10.29,10.16,63109.79,,0.1,
2025-12-09,10.15,10.09,10.22,10.06,41332.82,,-1.18,
2025-12-10,10.09,10.16,10.24,9.99,49820.94,,0.69,
2025-12-11,10.17,10.02,10.19,9.99,43174.0,,-1.38,
2025-12-12,10.0,9.85,10.02,9.74,90781.97,,-1.7,
2025-12-15,9.83,9.83,9.98,9.7,45885.88,,-0.2,
2025-12-16,9.78,9.65,9.8,9.65,36900.0,,-1.83,
2025-12-17,9.69,9.75,9.77,9.55,36399.0,,1.04,
2025-12-18,9.72,9.8,9.86,9.68,26020.33,,0.51,
2025-12-19,9.83,9.91,9.98,9.77,32714.3,,1.12,
2025-12-22,9.91,9.83,9.95,9.8,37553.0,,-0.81,
2025-12-23,9.83,9.69,9.88,9.69,36626.16,,-1.42,
2025-12-24,9.69,9.78,9.83,9.64,39048.0,,0.93,
2025-12-25,9.78,9.74,9.82,9.72,32190.0,,-0.41,
2025-12-26,9.76,9.73,9.79,9.68,37404.61,,-0.1,
2025-12-29,9.7,9.13,9.7,9.12,138176.37,,-6.17,
2025-12-30,9.09,9.02,9.13,9.0,65463.16,,-1.2,
2025-12-31,9.0,8.93,9.07,8.79,89945.24,,-1.0,
2026-01-05,8.97,9.16,9.17,8.94,73066.8,,2.58,
2026-01-06,9.21,9.21,9.28,9.16,72483.08,,0.55,
2026-01-07,9.22,9.17,9.25,9.13,46210.0,,-0.43,
2026-01-08,9.17,9.28,9.32,9.14,70057.68,,1.2,
2026-01-09,9.25,9.31,9.31,9.18,62731.32,,0.32,
2026-01-12,9.31,9.74,9.79,9.26,185720.35,,4.62,
2026-01-13,9.72,9.52,9.74,9.51,85194.0,,-2.26,
2026-01-14,9.5,9.78,9.95,9.43,231064.19,,2.73,
2026-01-15,9.74,9.48,9.74,9.43,95731.92,,-3.07,
2026-01-16,9.47,9.2,9.51,9.13,112378.81,,-2.95,
2026-01-19,9.17,9.22,9.29,9.11,54534.0,,0.22,
2026-01-20,9.22,9.03,9.29,8.96,156061.93,,-2.06,
2026-01-21,9.03,8.87,9.3,8.78,312583.83,,-1.77,
2026-01-22,8.85,8.46,8.85,8.42,315371.42,,-4.62,
2026-01-23,8.49,8.59,8.62,8.47,283933.24,,1.54,
2026-01-26,8.63,8.5,8.76,8.42,289487.55,,-1.05,
2026-01-27,8.51,8.27,8.51,8.17,262379.66,,-2.71,
2026-01-28,8.25,8.13,8.27,8.1,145427.49,,-1.69,
2026-01-29,8.1,8.61,8.88,8.1,442687.18,,5.9,
2026-01-30,8.66,8.75,9.03,8.56,270283.44,,1.63,
2026-02-02,8.73,8.64,9.14,8.6,290391.96,,-1.26,
2026-02-03,8.63,8.5,8.72,8.43,168109.12,,-1.62,
2026-02-04,8.47,8.63,8.69,8.44,132699.8,,1.53,
2026-02-05,8.53,8.45,8.63,8.42,179447.16,,-2.09,
2026-02-06,8.55,8.44,8.64,8.43,189905.5,,-0.12,
2026-02-09,8.4,8.44,8.55,8.4,154365.0,,0.0,
2026-02-10,8.44,8.39,8.53,8.36,132487.19,,-0.59,
2026-02-11,8.39,8.27,8.42,8.27,113002.96,,-1.43,
2026-02-12,8.3,8.12,8.3,8.12,125966.0,,-1.81,
2026-02-13,8.12,8.13,8.28,8.11,88226.31,,0.12,
2026-02-24,8.17,8.11,8.2,8.1,116374.96,,-0.25,
2026-02-25,8.11,8.26,8.3,8.11,122107.26,,1.85,
2026-02-26,8.27,8.03,8.27,7.99,191039.59,,-2.78,
2026-02-27,7.99,8.02,8.05,7.95,85611.76,,-0.12,
2026-03-02,7.93,7.82,7.96,7.81,132143.87,,-2.49,
2026-03-03,7.86,7.66,7.88,7.59,118578.13,,-2.05,
2026-03-04,7.62,7.46,7.63,7.4,134780.83,,-2.61,
2026-03-05,7.5,7.52,7.58,7.45,101718.71,,0.8,
2026-03-06,7.49,7.67,7.69,7.46,132996.15,,1.99,
2026-03-09,7.65,7.66,7.72,7.55,121321.95,,-0.13,
2026-03-10,7.66,7.75,7.84,7.66,87848.01,,1.17,
2026-03-11,7.75,7.8,7.83,7.66,88341.69,,0.65,
2026-03-12,7.8,7.68,7.8,7.68,92150.51,,-1.54,
2026-03-13,7.66,7.6,7.77,7.56,145285.61,,-1.04,
2026-03-16,7.6,7.52,7.63,7.46,132575.16,,-1.05,
2026-03-17,7.5,7.52,7.64,7.49,116344.0,,0.0,
2026-03-18,7.51,7.34,7.53,7.29,130309.0,,-2.39,
2026-03-19,7.29,7.15,7.36,7.09,162126.29,,-2.59,
2026-03-20,7.15,7.02,7.21,7.01,98884.92,,-1.82,
2026-03-23,6.93,6.62,6.94,6.6,176950.49,,-5.7,
2026-03-24,6.7,6.9,6.9,6.63,146483.54,,4.23,
2026-03-25,6.9,6.87,6.93,6.81,106729.96,,-0.43,
2026-03-26,6.89,6.84,7.0,6.8,93964.64,,-0.44,
2026-03-27,6.8,7.04,7.06,6.76,113082.19,,2.92,
2026-03-30,6.99,7.14,7.15,6.94,99657.69,,1.42,
2026-03-31,7.08,7.08,7.31,7.06,95168.44,,-0.84,
2026-04-01,7.16,7.25,7.25,7.05,110083.0,,2.4,
2026-04-02,7.22,7.18,7.27,7.15,82562.71,,-0.97,
2026-04-03,7.09,6.68,7.1,6.65,217399.38,,-6.96,
2026-04-07,6.69,6.79,6.83,6.62,109056.28,,1.65,
2026-04-08,6.87,6.91,6.94,6.78,158743.19,,1.77,
2026-04-09,6.88,6.57,6.93,6.53,227367.46,,-4.92,
2026-04-10,6.57,6.83,7.14,6.54,332731.21,,3.96,
2026-04-13,6.79,6.65,6.8,6.58,182131.19,,-2.64,
2026-04-14,6.71,6.85,7.08,6.58,294039.35,,3.01,
2026-04-15,6.99,6.9,7.11,6.78,292269.78,,0.73,
2026-04-16,6.88,6.84,6.96,6.77,175645.8,,-0.87,
2026-04-17,6.83,6.7,6.88,6.63,195918.17,,-2.05,
2026-04-20,6.65,6.67,6.74,6.61,109940.0,,-0.45,
2026-04-21,6.67,6.77,6.8,6.62,167703.4,,1.5,
2026-04-22,6.78,6.75,6.85,6.65,162731.0,,-0.3,
2026-04-23,6.69,6.71,6.76,6.58,145832.64,,-0.59,
2026-04-24,6.67,6.6,6.68,6.55,123817.0,,-1.64,
2026-04-27,6.58,6.63,6.64,6.42,130357.33,,0.45,
2026-04-28,6.63,6.66,6.73,6.59,121218.33,,0.45,
2026-04-29,6.65,6.67,6.75,6.61,156893.98,,0.15,
2026-04-30,6.58,7.08,7.28,6.55,457237.51,,6.15,
2026-05-06,7.15,7.21,7.25,7.01,202031.18,,1.84,
2026-05-07,7.21,7.09,7.22,7.06,128320.48,,-1.66,
2026-05-08,7.16,7.26,7.35,7.12,154237.95,,2.4,
2026-05-11,7.24,7.29,7.43,7.21,149283.93,,0.41,
2026-05-12,7.26,7.23,7.32,7.02,233514.0,,-0.82,
2026-05-13,7.21,7.38,7.61,7.2,193739.63,,2.07,
2026-05-14,7.33,7.26,7.4,7.12,199210.15,,-1.63,
2026-05-15,7.24,7.28,7.38,7.19,149001.46,,0.28,
2026-05-18,7.34,7.29,7.44,7.21,112686.98,,0.14,
2026-05-19,7.28,7.28,7.35,7.17,89164.0,,-0.14,
2026-05-20,7.28,7.67,7.69,7.23,337905.0,,5.36,
2026-05-21,7.65,7.57,7.85,7.5,257978.69,,-1.3,
2026-05-22,7.56,7.66,7.73,7.46,253457.62,,1.19,
2026-05-25,7.66,7.91,8.0,7.65,269594.37,,3.26,
2026-05-26,7.91,7.88,8.0,7.69,209779.0,,-0.38,
2026-05-27,7.84,7.45,7.91,7.38,197436.0,,-5.46,
2026-05-28,7.38,7.38,7.52,7.34,96315.0,,-0.94,
2026-05-29,7.37,7.15,7.42,7.12,131926.0,,-3.12,
2026-06-01,7.11,7.19,7.25,6.94,79229.0,,0.56,
2026-06-02,7.18,6.91,7.2,6.8,132327.05,,-3.89,
2026-06-03,6.85,6.78,6.9,6.72,74880.1,,-1.88,
2026-06-04,6.77,6.67,6.94,6.65,114972.94,,-1.62,
2026-06-05,6.71,7.0,7.09,6.71,186181.05,,4.95,
2026-06-08,6.91,6.61,7.05,6.58,159671.33,,-5.57,
2026-06-09,6.61,6.67,6.75,6.48,103108.0,,0.91,
2026-06-10,6.65,6.52,6.67,6.47,80077.0,,-2.25,
2026-06-11,6.48,5.95,6.54,5.87,237561.58,,-8.74,
2026-06-12,5.9,6.0,6.0,5.67,230582.0,,0.84,
2026-06-15,5.94,5.92,6.23,5.86,147829.02,,-1.33,
2026-06-16,5.89,5.48,5.91,5.39,334642.69,,-7.43,
2026-06-17,5.43,5.08,5.45,5.05,379904.0,,-7.3,
2026-06-18,5.16,4.68,5.16,4.65,613751.28,,-7.87,
2026-06-22,4.74,4.96,5.0,4.43,591525.89,,5.98,
2026-06-23,5.0,4.79,5.08,4.79,570099.87,,-3.43,
2026-06-24,4.9,4.56,5.16,4.55,487501.55,,-4.8,
2026-06-25,4.79,4.54,4.92,4.51,539268.24,,-0.44,
2026-06-26,4.55,4.28,4.56,4.24,374706.47,,-5.73,
2026-06-29,4.33,4.46,4.58,4.21,451375.23,,4.21,
2026-06-30,4.47,4.38,4.64,4.35,408272.06,,-1.79,
2026-07-01,4.44,4.82,4.82,4.37,330052.19,,10.05,
2026-07-02,4.82,4.76,5.04,4.73,524133.9,,-1.24,
2026-07-03,4.8,4.79,4.98,4.67,363616.39,,0.63,
2026-07-06,4.74,4.77,4.9,4.71,293712.81,,-0.42,
2026-07-07,4.76,4.65,4.83,4.57,279524.0,,-2.52,
2026-07-08,4.66,4.67,4.76,4.55,266031.0,,0.43,
2026-07-09,4.67,4.62,4.76,4.55,253052.56,,-1.07,
2026-07-10,4.57,4.78,4.88,4.47,316059.73,,3.46,
2026-07-13,4.77,4.87,4.95,4.77,445066.2,,1.88,
2026-07-14,4.8,4.82,4.89,4.61,313757.0,,-1.03,
2026-07-15,4.75,4.98,5.1,4.75,522725.22,,3.32,
2026-07-16,4.92,5.48,5.48,4.87,462683.25,,10.04,
2026-07-17,5.7,6.03,6.03,5.56,1044793.22,,10.04,
2026-07-20,5.46,5.75,6.0,5.43,1017655.63,,-4.64,
2026-07-21,5.57,6.17,6.23,5.29,1050250.84,,7.3,
2026-07-22,5.89,5.91,6.25,5.7,947184.13,,-4.21,
2026-07-23,5.72,6.5,6.5,5.58,1076439.27,,9.98,
2026-07-24,6.6,5.85,6.7,5.85,1021462.57,,-10.0,
2026-07-27,5.49,6.44,6.44,5.42,958011.47,,10.09,
2026-07-28,6.33,6.88,7.08,6.33,1672668.92,,6.83,
2026-07-29,6.68,6.38,6.95,6.2,1253925.68,,-7.27,
2026-07-30,6.45,6.07,6.72,6.01,958122.32,,-4.86,
2026-07-31,5.76,6.17,6.25,5.76,756865.92,,1.65,
2026-08-03,6.17,6.06,6.25,6.01,459994.65,,-1.78,
2026-08-04,6.12,6.67,6.67,6.11,672569.18,,10.07,
2026-08-05,6.81,6.6,6.82,6.51,886443.84,,-1.05,
2026-08-06,6.59,6.44,6.77,6.3,870471.64,,-2.42,
2026-08-07,6.32,7.08,7.08,6.28,1324173.38,,9.94,
2026-08-10,7.08,7.06,7.4,7.0,1453647.3,,-0.28,
2026-08-11,6.91,6.92,7.08,6.81,826701.14,,-1.98,
2026-08-12,6.82,6.88,7.23,6.72,811104.0,,-0.58,
2026-08-13,6.75,7.01,7.2,6.65,1022112.11,,1.89,
2026-08-14,6.81,6.62,6.95,6.52,695538.28,,-5.56,
2026-08-17,6.56,6.62,6.64,6.12,695258.07,,0.0,
2026-08-18,6.5,6.24,6.6,6.23,561079.01,,-5.74,
2026-08-19,6.18,5.84,6.34,5.71,516040.82,,-6.41,
2026-08-20,6.03,6.21,6.42,5.9,826596.4,,6.34,
2026-08-21,6.0,5.64,6.02,5.63,612197.96,,-9.18,
2026-08-24,5.65,5.32,5.67,5.25,418631.35,,-5.67,
2026-08-25,5.31,5.61,5.65,5.22,441666.0,,5.45,
2026-08-26,5.5,5.67,5.95,5.5,469471.7,,1.07,
2026-08-27,5.63,5.86,5.99,5.62,487799.02,,3.35,
2026-08-28,5.86,5.82,5.99,5.72,344788.04,,-0.68,
2026-08-31,5.71,5.67,5.77,5.58,313154.78,,-2.58,
2026-09-01,5.68,5.73,5.78,5.58,286469.08,,1.06,
2026-09-02,5.7,5.69,5.73,5.61,244015.65,,-0.7,
2026-09-03,5.67,5.6,5.72,5.54,195232.0,,-1.58,
2026-09-04,5.63,5.52,5.67,5.5,205491.17,,-1.43,
2026-09-07,5.5,5.58,5.63,5.5,215724.18,,1.09,
2026-09-08,5.59,5.69,5.7,5.52,214413.99,,1.97,
2026-09-09,5.65,5.54,5.68,5.52,190664.35,,-2.64,
2026-09-10,5.56,5.35,5.56,5.34,189856.98,,-3.43,
2026-09-11,5.35,5.24,5.36,5.15,195178.99,,-2.06,
2026-09-14,5.25,5.37,5.38,5.19,178110.16,,2.48,
2026-09-15,5.33,5.2,5.41,5.19,137548.84,,-3.17,
2026-09-16,5.15,5.26,5.29,5.13,131760.98,,1.15,
2026-09-17,5.28,5.31,5.36,5.24,128750.66,,0.95,
2026-09-18,5.31,5.3,5.45,5.27,189206.06,,-0.19,
2026-09-21,5.31,5.56,5.58,5.31,304746.49,,4.91,
2026-09-22,5.55,5.51,5.62,5.46,251060.54,,-0.9,
2026-09-23,5.5,5.31,5.51,5.3,181049.85,,-3.63,
2026-09-24,5.29,5.17,5.54,5.15,228197.21,,-2.64,
2026-09-28,5.17,5.16,5.23,5.07,167105.24,,-0.19,
2026-09-29,5.15,5.2,5.28,5.1,141235.9,,0.78,
2026-09-30,5.2,5.26,5.3,5.16,161250.78,,1.15,
2026-10-08,5.47,5.26,5.73,5.18,471155.47,,0.0,
2026-10-09,5.29,5.40,5.59,5.13,487152,,2.66,
