序号,股票代码,股票名称,收盘价,对应值,成交量,成交额,指标
1,000513,丽珠集团,29.61,-8.37,3491.4637,106499.255,跌幅偏离值达7%的证券
2,001216,华瓷股份,23.56,-8.37,1770.8637,42211.663,跌幅偏离值达7%的证券
3,002384,东山精密,150.66,-8.37,5406.2383,820281.4551,跌幅偏离值达7%的证券
4,002717,*ST岭南,0.56,-8.37,214.83,120.3048,跌幅偏离值达7%的证券
5,002881,美格智能,38.17,-8.37,1008.9213,39903.4367,跌幅偏离值达7%的证券
6,600330,天通股份,24.21,-9.21,10033.8835,254992.51,跌幅偏离值达7%的证券
7,600363,ST联光,10.98,-9.21,7051.3647,77630.68,跌幅偏离值达7%的证券
8,600418,江淮汽车,24.72,-9.22,14317.805,361435.58,跌幅偏离值达7%的证券
9,600699,均胜电子,21.11,-9.23,8560.3485,184998.39,跌幅偏离值达7%的证券
10,603773,沃格光电,80.7,-9.21,2427.9218,204181.51,跌幅偏离值达7%的证券
1,000678,襄阳轴承,12.24,15.35,12973.5846,168451.6377,振幅值达15%的证券
2,000710,贝瑞基因,10.27,17.6,8763.2209,96544.863,振幅值达15%的证券
3,002285,世联行,3.21,16.49,35424.1169,114077.6441,振幅值达15%的证券
4,002316,亚联发展,4.98,17.46,12674.9399,65229.7532,振幅值达15%的证券
5,002614,奥佳华,8.34,15.44,9654.9923,78064.7189,振幅值达15%的证券
6,600241,时代万恒,10.69,15.32,3203.2491,32638.67,振幅值达15%的证券
7,600802,福建水泥,7.14,17.02,7894.5451,57261.83,振幅值达15%的证券
8,605388,均瑶健康,6.93,15.24,7496.1419,54724.16,振幅值达15%的证券
1,000678,襄阳轴承,12.24,28.23,12973.5846,168451.6377,换手率达20%的证券
2,002188,中天服务,5.97,30.32,7801.9655,47821.8174,换手率达20%的证券
3,002316,亚联发展,4.98,37.19,12674.9399,65229.7532,换手率达20%的证券
4,002580,圣阳股份,21.36,26.89,12162.5544,254667.7482,换手率达20%的证券
5,002962,五方光电,16.69,29.24,6116.5639,97175.3286,换手率达20%的证券
6,600127,金健米业,13.8,40.85,26218.13,365949.12,换手率达20%的证券
7,600721,百花医药,12.58,24.54,9435.4919,121594.11,换手率达20%的证券
8,601091,沈鼓集团,24.2,38.82,8197.0328,199305.04,换手率达20%的证券
9,603248,锡华科技,21.44,29.69,2123.0069,45704.88,换手率达20%的证券
10,603538,美诺华,29.46,25.68,8650.4946,250200.35,换手率达20%的证券
11,920025,凯达重工,12.62,26.58,1355.5252,16869.56,换手率达20%的证券
12,920201,百瑞吉,39.01,30.93,235.3365,9442.64,换手率达20%的证券
13,920202,安达股份,14.3,48.96,1165.344,17765.94,换手率达20%的证券
14,920627,力王股份,17.83,25.69,1261.3157,21393.92,换手率达20%的证券
15,920779,武汉蓝电,33.13,40.86,817.9568,25851.82,换手率达20%的证券
1,000850,华茂股份,4.03,-20.14,25683.0782,108245.9473,连续三个交易日内，跌幅偏离值累计达20%的证券
1,002074,国轩高科,31.3,21.51,28499.6744,849947.7398,连续三个交易日内，涨幅偏离值累计达20%的证券
2,002242,九阳股份,13.75,22.89,4595.5991,58784.6426,连续三个交易日内，涨幅偏离值累计达20%的证券
3,002882,金龙羽,26.95,22.41,8848.571,224349.8153,连续三个交易日内，涨幅偏离值累计达20%的证券
4,600152,维科技术,9.18,21.74,24716.1318,212903.88,连续三个交易日内，涨幅偏离值累计达20%的证券
5,600241,时代万恒,10.69,21.42,3971.3691,40104.8,连续三个交易日内，涨幅偏离值累计达20%的证券
6,600663,陆家嘴,11.12,21.49,7574.2976,78434.62,连续三个交易日内，涨幅偏离值累计达20%的证券
7,603906,龙蟠科技,20.94,21.46,12080.4956,239368.16,连续三个交易日内，涨幅偏离值累计达20%的证券
8,603928,兴业股份,14.38,21.53,3599.9948,49578.39,连续三个交易日内，涨幅偏离值累计达20%的证券
1,002490,山东墨龙,7.6,11.63,6769.7423,49936.0191,涨幅偏离值达7%的证券
2,002565,顺灏股份,9.28,11.63,17058.9398,155786.1796,涨幅偏离值达7%的证券
3,002702,海欣食品,5.92,11.63,6602.441,37130.9038,涨幅偏离值达7%的证券
4,002805,丰元股份,17.67,11.63,2456.4431,42487.8102,涨幅偏离值达7%的证券
5,002866,传艺科技,18.59,11.63,3779.8595,67154.494,涨幅偏离值达7%的证券
6,600400,红豆股份,3.62,10.82,11019.0512,39104.19,涨幅偏离值达7%的证券
7,600812,华北制药,5.48,10.83,9033.7032,49435.9,涨幅偏离值达7%的证券
8,600825,新华传媒,11.39,10.84,564.7458,6432.45,涨幅偏离值达7%的证券
9,603189,*ST网达,10.2,10.82,859.8503,8510.53,涨幅偏离值达7%的证券
10,603928,兴业股份,14.38,10.81,2575.8214,36387.21,涨幅偏离值达7%的证券
1,300522,世名科技,16.56,20.0,2611.3621,41952.7375,
2,300530,领湃科技,24.08,20.0,1772.5863,40031.9985,
3,300619,金银河,28.17,17.57,2534.0977,69819.2837,
4,301513,尚水智能,67.81,19.98,971.9828,59721.6216,
5,301697,贝特利,31.51,20.0,2033.486,62081.6467,
6,688196,卓越新能,36.12,20.0,639.9443,21754.51,
1,300530,领湃科技,24.08,31.63,3296.8094,69981.1967,
2,301190,善水科技,39.52,35.04,4947.7596,187685.5229,
1,300684,中石科技,90.1,-16.65,3493.7932,334449.4421,
2,300804,广康生化,46.62,-15.86,511.3702,24962.8319,
3,688048,长光华芯,231.76,-20.0,1258.7579,299767.68,
4,688313,仕佳光子,127.6,-17.4,3661.699,486402.96,
5,688498,源杰科技,1290.4,-20.0,551.0884,729843.52,
6,688578,艾力斯,89.26,-20.0,662.5228,59834.73,
1,301139,元道退,0.94,0.0,1891.3953,1816.9047,退市整理的证券
1,301513,尚水智能,67.81,48.24,971.9828,59721.6216,
2,301686,中塑股份,160.61,35.06,306.167,49883.6508,
3,301689,电科思仪,72.2,34.1,1962.74,147493.8213,
4,301697,贝特利,31.51,46.23,2033.486,62081.6467,
5,301699,洛轴股份,34.45,39.0,2727.2312,95884.9301,
6,688806,泰诺麦博,27.15,31.23,1593.7042,45177.6,
1,920202,安达股份,14.3,-43.37,2750.1806,49608.18,
1,920202,安达股份,14.3,-21.94,1165.344,17765.94,
1,920627,力王股份,17.83,40.71,1800.318,28797.45,
2,920779,武汉蓝电,33.13,53.03,2232.5796,66328.58,
1,920627,力王股份,17.83,29.96,1261.3157,21393.92,
1,920627,力王股份,17.83,31.78,1261.3157,21393.92,
2,920779,武汉蓝电,33.13,30.85,817.9568,25851.82,
